brand,avg_vtp_time,num_purchases,avg_vtc_time,num_carts
apple,243.12077058932888,43032,215.1450395544075,49552
samsung,315.0134207889912,52903,250.49048226205656,66665
huawei,321.1084026383711,6974,278.5843847832274,10541
xiaomi,367.1885540643201,19745,463.7162110261513,28641
cordiant,380.542930371636,9364,224.12662857142857,4375
